<?xml version="1.0" encoding="UTF-8"?>
<files>
  <file name="00_coverscreenshot.png" source="original">
    <mtime>1657603194</mtime>
    <size>40700</size>
    <md5>a0d21bc21db3e95b3209d36a6c943b28</md5>
    <crc32>12d526e7</crc32>
    <sha1>ca5bec9bc5d86196766e39da9df2c1cb9cdd1e0a</sha1>
    <format>PNG</format>
  </file>
  <file name="00_coverscreenshot_thumb.jpg" source="derivative">
    <format>JPEG Thumb</format>
    <original>00_coverscreenshot.png</original>
    <mtime>1657603276</mtime>
    <size>24819</size>
    <md5>70af56402610fdfcffb05d9db51abc99</md5>
    <crc32>250a51d4</crc32>
    <sha1>252e4e4effde270c4b99a78d233026b9352f94a9</sha1>
  </file>
  <file name="Tetris.nes" source="original">
    <mtime>1657603224</mtime>
    <size>49168</size>
    <md5>15cfa89611dce3f6b5438482cbae806c</md5>
    <crc32>0dd66846</crc32>
    <sha1>a99f922e9da20b2a27e4398348505d2e9d15271b</sha1>
    <format>Unknown</format>
    <viruscheck>1657603246</viruscheck>
  </file>
  <file name="__ia_thumb.jpg" source="original">
    <mtime>1657603236</mtime>
    <size>24196</size>
    <md5>a11099ac6ed291aef76e53e3696e6d5a</md5>
    <crc32>f269ff62</crc32>
    <sha1>066505f8e3a7f6a2d5492be89ecf65045d427afa</sha1>
    <format>Item Tile</format>
    <rotation>0</rotation>
  </file>
  <file name="tetris-nes_archive.torrent" source="metadata">
    <btih>2233fb014be263dbba083ad1f0fc12630558c9be</btih>
    <mtime>1746461837</mtime>
    <size>2331</size>
    <md5>c15c91a47e31195c1783b78e07e7aa9f</md5>
    <crc32>df7fc85e</crc32>
    <sha1>9cd7b7b36ab36b7acc071468ed96d02989063d5e</sha1>
    <format>Archive BitTorrent</format>
  </file>
  <file name="tetris-nes_files.xml" source="original">
    <format>Metadata</format>
    <md5>31fe185a1ed4c838e9c41733aebd49ad</md5>
    <summation>md5</summation>
  </file>
  <file name="tetris-nes_meta.sqlite" source="original">
    <mtime>1657603230</mtime>
    <size>36864</size>
    <md5>ecdef801f22e27fb33497f3f0461a1ee</md5>
    <crc32>a93e3b8b</crc32>
    <sha1>dcb6f17087e56150151a8945bfcecc3d9d7b011d</sha1>
    <format>Metadata</format>
  </file>
  <file name="tetris-nes_meta.xml" source="original">
    <mtime>1657767890</mtime>
    <size>2540</size>
    <md5>d5515d4f1c7ba437f956785ce2c8a87c</md5>
    <crc32>7f595d45</crc32>
    <sha1>f9698d82ac06dfe43e3a0fec2c0778720a5e8656</sha1>
    <format>Metadata</format>
  </file>
  <file name="tetris-nes_reviews.xml" source="original">
    <mtime>1746461835</mtime>
    <size>2021</size>
    <md5>647903c3c58cd2dc222606622eb07b06</md5>
    <crc32>b8a7ff54</crc32>
    <sha1>807bebf12096d548136942eefd0b798d90d2005d</sha1>
    <format>Metadata</format>
  </file>
  <file name="tetris-nes_screenshot.gif" source="original">
    <mtime>1657603226</mtime>
    <size>40700</size>
    <md5>a0d21bc21db3e95b3209d36a6c943b28</md5>
    <crc32>12d526e7</crc32>
    <sha1>ca5bec9bc5d86196766e39da9df2c1cb9cdd1e0a</sha1>
    <format>Emulator Screenshot</format>
  </file>
</files>
